hid,name,longitude,latitude,distance_km,booking_date,search_quantity,try_quantity,order_quantity,big event,social data
401917,山水时尚酒店(广州火车东站店),113.324344,23.149276,8.78948404826996,20260422,0,0,0,1. 2026.04.15-05.05 第139届中国进出口商品交易会（广交会，广交会展馆，距离酒店约5.8公里）；2. 2026.04.14-04.17 第六届广州采购交易会（保利世贸博览馆，距离约5.8公里）；3. 2026.04.21-04.27 广州家居用品及礼品展览会（保利世贸博览馆，距离约5.8公里）；4. 2026.05.01-05.03 广州华夏家博会（保利世贸博览馆，距离约5.8公里）；5. 2026.04.24-05.05 沉浸式情景剧《大湾鸡·星际追光》（广州塔剧场，距离约4.7公里）；6. 2026.04.29-05.02 杂技童话剧《萌动奇迹》（广州市文化馆，距离约7.8公里）；7. 2026年4-5月 广州大剧院《江/云?之/间》话剧（距离约3.8公里）；8. 2026年4-5月 中山纪念堂《日出》《雷雨》《茶馆》经典话剧（距离约6.5公里）,【Event-related】：广交会相关商务旅客全网讨论热度，展会期间周边酒店预订量同比增长超150%，入境游客订单量同比增长41%，跨城商务需求显著提升；各类演唱会、话剧的观众反馈积极，“旅行+演艺”观演游热度领跑全国，带动周边文旅消费；五一期间广州文旅综合消费128亿元，相关讨论量超1000万条；【Non-event】：广州天河、越秀区域网红景点、美食、娱乐的零散社交信号，包括北京路、天河城、珠江夜游的用户分享，酒店住客的入住体验与周边服务评价，本地生活消费的相关讨论。
401917,山水时尚酒店(广州火车东站店),113.324344,23.149276,8.78948404826996,20260423,0,0,0,1. 2026.04.15-05.05 第139届中国进出口商品交易会（广交会，广交会展馆，距离酒店约5.8公里）；2. 2026.04.14-04.17 第六届广州采购交易会（保利世贸博览馆，距离约5.8公里）；3. 2026.04.21-04.27 广州家居用品及礼品展览会（保利世贸博览馆，距离约5.8公里）；4. 2026.05.01-05.03 广州华夏家博会（保利世贸博览馆，距离约5.8公里）；5. 2026.04.24-05.05 沉浸式情景剧《大湾鸡·星际追光》（广州塔剧场，距离约4.7公里）；6. 2026.04.29-05.02 杂技童话剧《萌动奇迹》（广州市文化馆，距离约7.8公里）；7. 2026年4-5月 广州大剧院《江/云?之/间》话剧（距离约3.8公里）；8. 2026年4-5月 中山纪念堂《日出》《雷雨》《茶馆》经典话剧（距离约6.5公里）,【Event-related】：广交会相关商务旅客全网讨论热度，展会期间周边酒店预订量同比增长超150%，入境游客订单量同比增长41%，跨城商务需求显著提升；各类演唱会、话剧的观众反馈积极，“旅行+演艺”观演游热度领跑全国，带动周边文旅消费；五一期间广州文旅综合消费128亿元，相关讨论量超1000万条；【Non-event】：广州天河、越秀区域网红景点、美食、娱乐的零散社交信号，包括北京路、天河城、珠江夜游的用户分享，酒店住客的入住体验与周边服务评价，本地生活消费的相关讨论。
401917,山水时尚酒店(广州火车东站店),113.324344,23.149276,8.78948404826996,20260424,0,0,0,1. 2026.04.15-05.05 第139届中国进出口商品交易会（广交会，广交会展馆，距离酒店约5.8公里）；2. 2026.04.14-04.17 第六届广州采购交易会（保利世贸博览馆，距离约5.8公里）；3. 2026.04.21-04.27 广州家居用品及礼品展览会（保利世贸博览馆，距离约5.8公里）；4. 2026.05.01-05.03 广州华夏家博会（保利世贸博览馆，距离约5.8公里）；5. 2026.04.24-05.05 沉浸式情景剧《大湾鸡·星际追光》（广州塔剧场，距离约4.7公里）；6. 2026.04.29-05.02 杂技童话剧《萌动奇迹》（广州市文化馆，距离约7.8公里）；7. 2026年4-5月 广州大剧院《江/云?之/间》话剧（距离约3.8公里）；8. 2026年4-5月 中山纪念堂《日出》《雷雨》《茶馆》经典话剧（距离约6.5公里）,【Event-related】：广交会相关商务旅客全网讨论热度，展会期间周边酒店预订量同比增长超150%，入境游客订单量同比增长41%，跨城商务需求显著提升；各类演唱会、话剧的观众反馈积极，“旅行+演艺”观演游热度领跑全国，带动周边文旅消费；五一期间广州文旅综合消费128亿元，相关讨论量超1000万条；【Non-event】：广州天河、越秀区域网红景点、美食、娱乐的零散社交信号，包括北京路、天河城、珠江夜游的用户分享，酒店住客的入住体验与周边服务评价，本地生活消费的相关讨论。
401917,山水时尚酒店(广州火车东站店),113.324344,23.149276,8.78948404826996,20260425,0,0,0,1. 2026.04.15-05.05 第139届中国进出口商品交易会（广交会，广交会展馆，距离酒店约5.8公里）；2. 2026.04.14-04.17 第六届广州采购交易会（保利世贸博览馆，距离约5.8公里）；3. 2026.04.21-04.27 广州家居用品及礼品展览会（保利世贸博览馆，距离约5.8公里）；4. 2026.05.01-05.03 广州华夏家博会（保利世贸博览馆，距离约5.8公里）；5. 2026.04.24-05.05 沉浸式情景剧《大湾鸡·星际追光》（广州塔剧场，距离约4.7公里）；6. 2026.04.29-05.02 杂技童话剧《萌动奇迹》（广州市文化馆，距离约7.8公里）；7. 2026年4-5月 广州大剧院《江/云?之/间》话剧（距离约3.8公里）；8. 2026年4-5月 中山纪念堂《日出》《雷雨》《茶馆》经典话剧（距离约6.5公里）,【Event-related】：广交会相关商务旅客全网讨论热度，展会期间周边酒店预订量同比增长超150%，入境游客订单量同比增长41%，跨城商务需求显著提升；各类演唱会、话剧的观众反馈积极，“旅行+演艺”观演游热度领跑全国，带动周边文旅消费；五一期间广州文旅综合消费128亿元，相关讨论量超1000万条；【Non-event】：广州天河、越秀区域网红景点、美食、娱乐的零散社交信号，包括北京路、天河城、珠江夜游的用户分享，酒店住客的入住体验与周边服务评价，本地生活消费的相关讨论。
401917,山水时尚酒店(广州火车东站店),113.324344,23.149276,8.78948404826996,20260426,0,0,0,1. 2026.04.15-05.05 第139届中国进出口商品交易会（广交会，广交会展馆，距离酒店约5.8公里）；2. 2026.04.14-04.17 第六届广州采购交易会（保利世贸博览馆，距离约5.8公里）；3. 2026.04.21-04.27 广州家居用品及礼品展览会（保利世贸博览馆，距离约5.8公里）；4. 2026.05.01-05.03 广州华夏家博会（保利世贸博览馆，距离约5.8公里）；5. 2026.04.24-05.05 沉浸式情景剧《大湾鸡·星际追光》（广州塔剧场，距离约4.7公里）；6. 2026.04.29-05.02 杂技童话剧《萌动奇迹》（广州市文化馆，距离约7.8公里）；7. 2026年4-5月 广州大剧院《江/云?之/间》话剧（距离约3.8公里）；8. 2026年4-5月 中山纪念堂《日出》《雷雨》《茶馆》经典话剧（距离约6.5公里）,【Event-related】：广交会相关商务旅客全网讨论热度，展会期间周边酒店预订量同比增长超150%，入境游客订单量同比增长41%，跨城商务需求显著提升；各类演唱会、话剧的观众反馈积极，“旅行+演艺”观演游热度领跑全国，带动周边文旅消费；五一期间广州文旅综合消费128亿元，相关讨论量超1000万条；【Non-event】：广州天河、越秀区域网红景点、美食、娱乐的零散社交信号，包括北京路、天河城、珠江夜游的用户分享，酒店住客的入住体验与周边服务评价，本地生活消费的相关讨论。
401917,山水时尚酒店(广州火车东站店),113.324344,23.149276,8.78948404826996,20260427,0,0,0,1. 2026.04.15-05.05 第139届中国进出口商品交易会（广交会，广交会展馆，距离酒店约5.8公里）；2. 2026.04.14-04.17 第六届广州采购交易会（保利世贸博览馆，距离约5.8公里）；3. 2026.04.21-04.27 广州家居用品及礼品展览会（保利世贸博览馆，距离约5.8公里）；4. 2026.05.01-05.03 广州华夏家博会（保利世贸博览馆，距离约5.8公里）；5. 2026.04.24-05.05 沉浸式情景剧《大湾鸡·星际追光》（广州塔剧场，距离约4.7公里）；6. 2026.04.29-05.02 杂技童话剧《萌动奇迹》（广州市文化馆，距离约7.8公里）；7. 2026年4-5月 广州大剧院《江/云?之/间》话剧（距离约3.8公里）；8. 2026年4-5月 中山纪念堂《日出》《雷雨》《茶馆》经典话剧（距离约6.5公里）,【Event-related】：广交会相关商务旅客全网讨论热度，展会期间周边酒店预订量同比增长超150%，入境游客订单量同比增长41%，跨城商务需求显著提升；各类演唱会、话剧的观众反馈积极，“旅行+演艺”观演游热度领跑全国，带动周边文旅消费；五一期间广州文旅综合消费128亿元，相关讨论量超1000万条；【Non-event】：广州天河、越秀区域网红景点、美食、娱乐的零散社交信号，包括北京路、天河城、珠江夜游的用户分享，酒店住客的入住体验与周边服务评价，本地生活消费的相关讨论。
401917,山水时尚酒店(广州火车东站店),113.324344,23.149276,8.78948404826996,20260428,0,0,0,1. 2026.04.15-05.05 第139届中国进出口商品交易会（广交会，广交会展馆，距离酒店约5.8公里）；2. 2026.04.14-04.17 第六届广州采购交易会（保利世贸博览馆，距离约5.8公里）；3. 2026.04.21-04.27 广州家居用品及礼品展览会（保利世贸博览馆，距离约5.8公里）；4. 2026.05.01-05.03 广州华夏家博会（保利世贸博览馆，距离约5.8公里）；5. 2026.04.24-05.05 沉浸式情景剧《大湾鸡·星际追光》（广州塔剧场，距离约4.7公里）；6. 2026.04.29-05.02 杂技童话剧《萌动奇迹》（广州市文化馆，距离约7.8公里）；7. 2026年4-5月 广州大剧院《江/云?之/间》话剧（距离约3.8公里）；8. 2026年4-5月 中山纪念堂《日出》《雷雨》《茶馆》经典话剧（距离约6.5公里）,【Event-related】：广交会相关商务旅客全网讨论热度，展会期间周边酒店预订量同比增长超150%，入境游客订单量同比增长41%，跨城商务需求显著提升；各类演唱会、话剧的观众反馈积极，“旅行+演艺”观演游热度领跑全国，带动周边文旅消费；五一期间广州文旅综合消费128亿元，相关讨论量超1000万条；【Non-event】：广州天河、越秀区域网红景点、美食、娱乐的零散社交信号，包括北京路、天河城、珠江夜游的用户分享，酒店住客的入住体验与周边服务评价，本地生活消费的相关讨论。
401917,山水时尚酒店(广州火车东站店),113.324344,23.149276,8.78948404826996,20260429,0,0,0,1. 2026.04.15-05.05 第139届中国进出口商品交易会（广交会，广交会展馆，距离酒店约5.8公里）；2. 2026.04.14-04.17 第六届广州采购交易会（保利世贸博览馆，距离约5.8公里）；3. 2026.04.21-04.27 广州家居用品及礼品展览会（保利世贸博览馆，距离约5.8公里）；4. 2026.05.01-05.03 广州华夏家博会（保利世贸博览馆，距离约5.8公里）；5. 2026.04.24-05.05 沉浸式情景剧《大湾鸡·星际追光》（广州塔剧场，距离约4.7公里）；6. 2026.04.29-05.02 杂技童话剧《萌动奇迹》（广州市文化馆，距离约7.8公里）；7. 2026年4-5月 广州大剧院《江/云?之/间》话剧（距离约3.8公里）；8. 2026年4-5月 中山纪念堂《日出》《雷雨》《茶馆》经典话剧（距离约6.5公里）,【Event-related】：广交会相关商务旅客全网讨论热度，展会期间周边酒店预订量同比增长超150%，入境游客订单量同比增长41%，跨城商务需求显著提升；各类演唱会、话剧的观众反馈积极，“旅行+演艺”观演游热度领跑全国，带动周边文旅消费；五一期间广州文旅综合消费128亿元，相关讨论量超1000万条；【Non-event】：广州天河、越秀区域网红景点、美食、娱乐的零散社交信号，包括北京路、天河城、珠江夜游的用户分享，酒店住客的入住体验与周边服务评价，本地生活消费的相关讨论。
401917,山水时尚酒店(广州火车东站店),113.324344,23.149276,8.78948404826996,20260430,0,0,0,1. 2026.04.15-05.05 第139届中国进出口商品交易会（广交会，广交会展馆，距离酒店约5.8公里）；2. 2026.04.14-04.17 第六届广州采购交易会（保利世贸博览馆，距离约5.8公里）；3. 2026.04.21-04.27 广州家居用品及礼品展览会（保利世贸博览馆，距离约5.8公里）；4. 2026.05.01-05.03 广州华夏家博会（保利世贸博览馆，距离约5.8公里）；5. 2026.04.24-05.05 沉浸式情景剧《大湾鸡·星际追光》（广州塔剧场，距离约4.7公里）；6. 2026.04.29-05.02 杂技童话剧《萌动奇迹》（广州市文化馆，距离约7.8公里）；7. 2026年4-5月 广州大剧院《江/云?之/间》话剧（距离约3.8公里）；8. 2026年4-5月 中山纪念堂《日出》《雷雨》《茶馆》经典话剧（距离约6.5公里）,【Event-related】：广交会相关商务旅客全网讨论热度，展会期间周边酒店预订量同比增长超150%，入境游客订单量同比增长41%，跨城商务需求显著提升；各类演唱会、话剧的观众反馈积极，“旅行+演艺”观演游热度领跑全国，带动周边文旅消费；五一期间广州文旅综合消费128亿元，相关讨论量超1000万条；【Non-event】：广州天河、越秀区域网红景点、美食、娱乐的零散社交信号，包括北京路、天河城、珠江夜游的用户分享，酒店住客的入住体验与周边服务评价，本地生活消费的相关讨论。
401917,山水时尚酒店(广州火车东站店),113.324344,23.149276,8.78948404826996,20260501,0,0,0,1. 2026.04.15-05.05 第139届中国进出口商品交易会（广交会，广交会展馆，距离酒店约5.8公里）；2. 2026.04.14-04.17 第六届广州采购交易会（保利世贸博览馆，距离约5.8公里）；3. 2026.04.21-04.27 广州家居用品及礼品展览会（保利世贸博览馆，距离约5.8公里）；4. 2026.05.01-05.03 广州华夏家博会（保利世贸博览馆，距离约5.8公里）；5. 2026.04.24-05.05 沉浸式情景剧《大湾鸡·星际追光》（广州塔剧场，距离约4.7公里）；6. 2026.04.29-05.02 杂技童话剧《萌动奇迹》（广州市文化馆，距离约7.8公里）；7. 2026年4-5月 广州大剧院《江/云?之/间》话剧（距离约3.8公里）；8. 2026年4-5月 中山纪念堂《日出》《雷雨》《茶馆》经典话剧（距离约6.5公里）,【Event-related】：广交会相关商务旅客全网讨论热度，展会期间周边酒店预订量同比增长超150%，入境游客订单量同比增长41%，跨城商务需求显著提升；各类演唱会、话剧的观众反馈积极，“旅行+演艺”观演游热度领跑全国，带动周边文旅消费；五一期间广州文旅综合消费128亿元，相关讨论量超1000万条；【Non-event】：广州天河、越秀区域网红景点、美食、娱乐的零散社交信号，包括北京路、天河城、珠江夜游的用户分享，酒店住客的入住体验与周边服务评价，本地生活消费的相关讨论。
401917,山水时尚酒店(广州火车东站店),113.324344,23.149276,8.78948404826996,20260502,0,0,0,1. 2026.04.15-05.05 第139届中国进出口商品交易会（广交会，广交会展馆，距离酒店约5.8公里）；2. 2026.04.14-04.17 第六届广州采购交易会（保利世贸博览馆，距离约5.8公里）；3. 2026.04.21-04.27 广州家居用品及礼品展览会（保利世贸博览馆，距离约5.8公里）；4. 2026.05.01-05.03 广州华夏家博会（保利世贸博览馆，距离约5.8公里）；5. 2026.04.24-05.05 沉浸式情景剧《大湾鸡·星际追光》（广州塔剧场，距离约4.7公里）；6. 2026.04.29-05.02 杂技童话剧《萌动奇迹》（广州市文化馆，距离约7.8公里）；7. 2026年4-5月 广州大剧院《江/云?之/间》话剧（距离约3.8公里）；8. 2026年4-5月 中山纪念堂《日出》《雷雨》《茶馆》经典话剧（距离约6.5公里）,【Event-related】：广交会相关商务旅客全网讨论热度，展会期间周边酒店预订量同比增长超150%，入境游客订单量同比增长41%，跨城商务需求显著提升；各类演唱会、话剧的观众反馈积极，“旅行+演艺”观演游热度领跑全国，带动周边文旅消费；五一期间广州文旅综合消费128亿元，相关讨论量超1000万条；【Non-event】：广州天河、越秀区域网红景点、美食、娱乐的零散社交信号，包括北京路、天河城、珠江夜游的用户分享，酒店住客的入住体验与周边服务评价，本地生活消费的相关讨论。
401917,山水时尚酒店(广州火车东站店),113.324344,23.149276,8.78948404826996,20260503,0,0,0,1. 2026.04.15-05.05 第139届中国进出口商品交易会（广交会，广交会展馆，距离酒店约5.8公里）；2. 2026.04.14-04.17 第六届广州采购交易会（保利世贸博览馆，距离约5.8公里）；3. 2026.04.21-04.27 广州家居用品及礼品展览会（保利世贸博览馆，距离约5.8公里）；4. 2026.05.01-05.03 广州华夏家博会（保利世贸博览馆，距离约5.8公里）；5. 2026.04.24-05.05 沉浸式情景剧《大湾鸡·星际追光》（广州塔剧场，距离约4.7公里）；6. 2026.04.29-05.02 杂技童话剧《萌动奇迹》（广州市文化馆，距离约7.8公里）；7. 2026年4-5月 广州大剧院《江/云?之/间》话剧（距离约3.8公里）；8. 2026年4-5月 中山纪念堂《日出》《雷雨》《茶馆》经典话剧（距离约6.5公里）,【Event-related】：广交会相关商务旅客全网讨论热度，展会期间周边酒店预订量同比增长超150%，入境游客订单量同比增长41%，跨城商务需求显著提升；各类演唱会、话剧的观众反馈积极，“旅行+演艺”观演游热度领跑全国，带动周边文旅消费；五一期间广州文旅综合消费128亿元，相关讨论量超1000万条；【Non-event】：广州天河、越秀区域网红景点、美食、娱乐的零散社交信号，包括北京路、天河城、珠江夜游的用户分享，酒店住客的入住体验与周边服务评价，本地生活消费的相关讨论。
401917,山水时尚酒店(广州火车东站店),113.324344,23.149276,8.78948404826996,20260504,0,0,0,1. 2026.04.15-05.05 第139届中国进出口商品交易会（广交会，广交会展馆，距离酒店约5.8公里）；2. 2026.04.14-04.17 第六届广州采购交易会（保利世贸博览馆，距离约5.8公里）；3. 2026.04.21-04.27 广州家居用品及礼品展览会（保利世贸博览馆，距离约5.8公里）；4. 2026.05.01-05.03 广州华夏家博会（保利世贸博览馆，距离约5.8公里）；5. 2026.04.24-05.05 沉浸式情景剧《大湾鸡·星际追光》（广州塔剧场，距离约4.7公里）；6. 2026.04.29-05.02 杂技童话剧《萌动奇迹》（广州市文化馆，距离约7.8公里）；7. 2026年4-5月 广州大剧院《江/云?之/间》话剧（距离约3.8公里）；8. 2026年4-5月 中山纪念堂《日出》《雷雨》《茶馆》经典话剧（距离约6.5公里）,【Event-related】：广交会相关商务旅客全网讨论热度，展会期间周边酒店预订量同比增长超150%，入境游客订单量同比增长41%，跨城商务需求显著提升；各类演唱会、话剧的观众反馈积极，“旅行+演艺”观演游热度领跑全国，带动周边文旅消费；五一期间广州文旅综合消费128亿元，相关讨论量超1000万条；【Non-event】：广州天河、越秀区域网红景点、美食、娱乐的零散社交信号，包括北京路、天河城、珠江夜游的用户分享，酒店住客的入住体验与周边服务评价，本地生活消费的相关讨论。
401917,山水时尚酒店(广州火车东站店),113.324344,23.149276,8.78948404826996,20260505,0,0,0,1. 2026.04.15-05.05 第139届中国进出口商品交易会（广交会，广交会展馆，距离酒店约5.8公里）；2. 2026.04.14-04.17 第六届广州采购交易会（保利世贸博览馆，距离约5.8公里）；3. 2026.04.21-04.27 广州家居用品及礼品展览会（保利世贸博览馆，距离约5.8公里）；4. 2026.05.01-05.03 广州华夏家博会（保利世贸博览馆，距离约5.8公里）；5. 2026.04.24-05.05 沉浸式情景剧《大湾鸡·星际追光》（广州塔剧场，距离约4.7公里）；6. 2026.04.29-05.02 杂技童话剧《萌动奇迹》（广州市文化馆，距离约7.8公里）；7. 2026年4-5月 广州大剧院《江/云?之/间》话剧（距离约3.8公里）；8. 2026年4-5月 中山纪念堂《日出》《雷雨》《茶馆》经典话剧（距离约6.5公里）,【Event-related】：广交会相关商务旅客全网讨论热度，展会期间周边酒店预订量同比增长超150%，入境游客订单量同比增长41%，跨城商务需求显著提升；各类演唱会、话剧的观众反馈积极，“旅行+演艺”观演游热度领跑全国，带动周边文旅消费；五一期间广州文旅综合消费128亿元，相关讨论量超1000万条；【Non-event】：广州天河、越秀区域网红景点、美食、娱乐的零散社交信号，包括北京路、天河城、珠江夜游的用户分享，酒店住客的入住体验与周边服务评价，本地生活消费的相关讨论。
401917,山水时尚酒店(广州火车东站店),113.324344,23.149276,8.78948404826996,20260506,0,0,0,1. 2026.04.15-05.05 第139届中国进出口商品交易会（广交会，广交会展馆，距离酒店约5.8公里）；2. 2026.04.14-04.17 第六届广州采购交易会（保利世贸博览馆，距离约5.8公里）；3. 2026.04.21-04.27 广州家居用品及礼品展览会（保利世贸博览馆，距离约5.8公里）；4. 2026.05.01-05.03 广州华夏家博会（保利世贸博览馆，距离约5.8公里）；5. 2026.04.24-05.05 沉浸式情景剧《大湾鸡·星际追光》（广州塔剧场，距离约4.7公里）；6. 2026.04.29-05.02 杂技童话剧《萌动奇迹》（广州市文化馆，距离约7.8公里）；7. 2026年4-5月 广州大剧院《江/云?之/间》话剧（距离约3.8公里）；8. 2026年4-5月 中山纪念堂《日出》《雷雨》《茶馆》经典话剧（距离约6.5公里）,【Event-related】：广交会相关商务旅客全网讨论热度，展会期间周边酒店预订量同比增长超150%，入境游客订单量同比增长41%，跨城商务需求显著提升；各类演唱会、话剧的观众反馈积极，“旅行+演艺”观演游热度领跑全国，带动周边文旅消费；五一期间广州文旅综合消费128亿元，相关讨论量超1000万条；【Non-event】：广州天河、越秀区域网红景点、美食、娱乐的零散社交信号，包括北京路、天河城、珠江夜游的用户分享，酒店住客的入住体验与周边服务评价，本地生活消费的相关讨论。
401917,山水时尚酒店(广州火车东站店),113.324344,23.149276,8.78948404826996,20260507,0,0,0,1. 2026.04.15-05.05 第139届中国进出口商品交易会（广交会，广交会展馆，距离酒店约5.8公里）；2. 2026.04.14-04.17 第六届广州采购交易会（保利世贸博览馆，距离约5.8公里）；3. 2026.04.21-04.27 广州家居用品及礼品展览会（保利世贸博览馆，距离约5.8公里）；4. 2026.05.01-05.03 广州华夏家博会（保利世贸博览馆，距离约5.8公里）；5. 2026.04.24-05.05 沉浸式情景剧《大湾鸡·星际追光》（广州塔剧场，距离约4.7公里）；6. 2026.04.29-05.02 杂技童话剧《萌动奇迹》（广州市文化馆，距离约7.8公里）；7. 2026年4-5月 广州大剧院《江/云?之/间》话剧（距离约3.8公里）；8. 2026年4-5月 中山纪念堂《日出》《雷雨》《茶馆》经典话剧（距离约6.5公里）,【Event-related】：广交会相关商务旅客全网讨论热度，展会期间周边酒店预订量同比增长超150%，入境游客订单量同比增长41%，跨城商务需求显著提升；各类演唱会、话剧的观众反馈积极，“旅行+演艺”观演游热度领跑全国，带动周边文旅消费；五一期间广州文旅综合消费128亿元，相关讨论量超1000万条；【Non-event】：广州天河、越秀区域网红景点、美食、娱乐的零散社交信号，包括北京路、天河城、珠江夜游的用户分享，酒店住客的入住体验与周边服务评价，本地生活消费的相关讨论。
401917,山水时尚酒店(广州火车东站店),113.324344,23.149276,8.78948404826996,20260508,0,0,0,1. 2026.04.15-05.05 第139届中国进出口商品交易会（广交会，广交会展馆，距离酒店约5.8公里）；2. 2026.04.14-04.17 第六届广州采购交易会（保利世贸博览馆，距离约5.8公里）；3. 2026.04.21-04.27 广州家居用品及礼品展览会（保利世贸博览馆，距离约5.8公里）；4. 2026.05.01-05.03 广州华夏家博会（保利世贸博览馆，距离约5.8公里）；5. 2026.04.24-05.05 沉浸式情景剧《大湾鸡·星际追光》（广州塔剧场，距离约4.7公里）；6. 2026.04.29-05.02 杂技童话剧《萌动奇迹》（广州市文化馆，距离约7.8公里）；7. 2026年4-5月 广州大剧院《江/云?之/间》话剧（距离约3.8公里）；8. 2026年4-5月 中山纪念堂《日出》《雷雨》《茶馆》经典话剧（距离约6.5公里）,【Event-related】：广交会相关商务旅客全网讨论热度，展会期间周边酒店预订量同比增长超150%，入境游客订单量同比增长41%，跨城商务需求显著提升；各类演唱会、话剧的观众反馈积极，“旅行+演艺”观演游热度领跑全国，带动周边文旅消费；五一期间广州文旅综合消费128亿元，相关讨论量超1000万条；【Non-event】：广州天河、越秀区域网红景点、美食、娱乐的零散社交信号，包括北京路、天河城、珠江夜游的用户分享，酒店住客的入住体验与周边服务评价，本地生活消费的相关讨论。
401917,山水时尚酒店(广州火车东站店),113.324344,23.149276,8.78948404826996,20260509,0,0,0,1. 2026.04.15-05.05 第139届中国进出口商品交易会（广交会，广交会展馆，距离酒店约5.8公里）；2. 2026.04.14-04.17 第六届广州采购交易会（保利世贸博览馆，距离约5.8公里）；3. 2026.04.21-04.27 广州家居用品及礼品展览会（保利世贸博览馆，距离约5.8公里）；4. 2026.05.01-05.03 广州华夏家博会（保利世贸博览馆，距离约5.8公里）；5. 2026.04.24-05.05 沉浸式情景剧《大湾鸡·星际追光》（广州塔剧场，距离约4.7公里）；6. 2026.04.29-05.02 杂技童话剧《萌动奇迹》（广州市文化馆，距离约7.8公里）；7. 2026年4-5月 广州大剧院《江/云?之/间》话剧（距离约3.8公里）；8. 2026年4-5月 中山纪念堂《日出》《雷雨》《茶馆》经典话剧（距离约6.5公里）,【Event-related】：广交会相关商务旅客全网讨论热度，展会期间周边酒店预订量同比增长超150%，入境游客订单量同比增长41%，跨城商务需求显著提升；各类演唱会、话剧的观众反馈积极，“旅行+演艺”观演游热度领跑全国，带动周边文旅消费；五一期间广州文旅综合消费128亿元，相关讨论量超1000万条；【Non-event】：广州天河、越秀区域网红景点、美食、娱乐的零散社交信号，包括北京路、天河城、珠江夜游的用户分享，酒店住客的入住体验与周边服务评价，本地生活消费的相关讨论。
401917,山水时尚酒店(广州火车东站店),113.324344,23.149276,8.78948404826996,20260510,0,0,0,1. 2026.04.15-05.05 第139届中国进出口商品交易会（广交会，广交会展馆，距离酒店约5.8公里）；2. 2026.04.14-04.17 第六届广州采购交易会（保利世贸博览馆，距离约5.8公里）；3. 2026.04.21-04.27 广州家居用品及礼品展览会（保利世贸博览馆，距离约5.8公里）；4. 2026.05.01-05.03 广州华夏家博会（保利世贸博览馆，距离约5.8公里）；5. 2026.04.24-05.05 沉浸式情景剧《大湾鸡·星际追光》（广州塔剧场，距离约4.7公里）；6. 2026.04.29-05.02 杂技童话剧《萌动奇迹》（广州市文化馆，距离约7.8公里）；7. 2026年4-5月 广州大剧院《江/云?之/间》话剧（距离约3.8公里）；8. 2026年4-5月 中山纪念堂《日出》《雷雨》《茶馆》经典话剧（距离约6.5公里）,【Event-related】：广交会相关商务旅客全网讨论热度，展会期间周边酒店预订量同比增长超150%，入境游客订单量同比增长41%，跨城商务需求显著提升；各类演唱会、话剧的观众反馈积极，“旅行+演艺”观演游热度领跑全国，带动周边文旅消费；五一期间广州文旅综合消费128亿元，相关讨论量超1000万条；【Non-event】：广州天河、越秀区域网红景点、美食、娱乐的零散社交信号，包括北京路、天河城、珠江夜游的用户分享，酒店住客的入住体验与周边服务评价，本地生活消费的相关讨论。
401917,山水时尚酒店(广州火车东站店),113.324344,23.149276,8.78948404826996,20260511,0,0,0,1. 2026.04.15-05.05 第139届中国进出口商品交易会（广交会，广交会展馆，距离酒店约5.8公里）；2. 2026.04.14-04.17 第六届广州采购交易会（保利世贸博览馆，距离约5.8公里）；3. 2026.04.21-04.27 广州家居用品及礼品展览会（保利世贸博览馆，距离约5.8公里）；4. 2026.05.01-05.03 广州华夏家博会（保利世贸博览馆，距离约5.8公里）；5. 2026.04.24-05.05 沉浸式情景剧《大湾鸡·星际追光》（广州塔剧场，距离约4.7公里）；6. 2026.04.29-05.02 杂技童话剧《萌动奇迹》（广州市文化馆，距离约7.8公里）；7. 2026年4-5月 广州大剧院《江/云?之/间》话剧（距离约3.8公里）；8. 2026年4-5月 中山纪念堂《日出》《雷雨》《茶馆》经典话剧（距离约6.5公里）,【Event-related】：广交会相关商务旅客全网讨论热度，展会期间周边酒店预订量同比增长超150%，入境游客订单量同比增长41%，跨城商务需求显著提升；各类演唱会、话剧的观众反馈积极，“旅行+演艺”观演游热度领跑全国，带动周边文旅消费；五一期间广州文旅综合消费128亿元，相关讨论量超1000万条；【Non-event】：广州天河、越秀区域网红景点、美食、娱乐的零散社交信号，包括北京路、天河城、珠江夜游的用户分享，酒店住客的入住体验与周边服务评价，本地生活消费的相关讨论。
401917,山水时尚酒店(广州火车东站店),113.324344,23.149276,8.78948404826996,20260512,0,0,0,1. 2026.04.15-05.05 第139届中国进出口商品交易会（广交会，广交会展馆，距离酒店约5.8公里）；2. 2026.04.14-04.17 第六届广州采购交易会（保利世贸博览馆，距离约5.8公里）；3. 2026.04.21-04.27 广州家居用品及礼品展览会（保利世贸博览馆，距离约5.8公里）；4. 2026.05.01-05.03 广州华夏家博会（保利世贸博览馆，距离约5.8公里）；5. 2026.04.24-05.05 沉浸式情景剧《大湾鸡·星际追光》（广州塔剧场，距离约4.7公里）；6. 2026.04.29-05.02 杂技童话剧《萌动奇迹》（广州市文化馆，距离约7.8公里）；7. 2026年4-5月 广州大剧院《江/云?之/间》话剧（距离约3.8公里）；8. 2026年4-5月 中山纪念堂《日出》《雷雨》《茶馆》经典话剧（距离约6.5公里）,【Event-related】：广交会相关商务旅客全网讨论热度，展会期间周边酒店预订量同比增长超150%，入境游客订单量同比增长41%，跨城商务需求显著提升；各类演唱会、话剧的观众反馈积极，“旅行+演艺”观演游热度领跑全国，带动周边文旅消费；五一期间广州文旅综合消费128亿元，相关讨论量超1000万条；【Non-event】：广州天河、越秀区域网红景点、美食、娱乐的零散社交信号，包括北京路、天河城、珠江夜游的用户分享，酒店住客的入住体验与周边服务评价，本地生活消费的相关讨论。
401917,山水时尚酒店(广州火车东站店),113.324344,23.149276,8.78948404826996,20260513,0,0,0,1. 2026.04.15-05.05 第139届中国进出口商品交易会（广交会，广交会展馆，距离酒店约5.8公里）；2. 2026.04.14-04.17 第六届广州采购交易会（保利世贸博览馆，距离约5.8公里）；3. 2026.04.21-04.27 广州家居用品及礼品展览会（保利世贸博览馆，距离约5.8公里）；4. 2026.05.01-05.03 广州华夏家博会（保利世贸博览馆，距离约5.8公里）；5. 2026.04.24-05.05 沉浸式情景剧《大湾鸡·星际追光》（广州塔剧场，距离约4.7公里）；6. 2026.04.29-05.02 杂技童话剧《萌动奇迹》（广州市文化馆，距离约7.8公里）；7. 2026年4-5月 广州大剧院《江/云?之/间》话剧（距离约3.8公里）；8. 2026年4-5月 中山纪念堂《日出》《雷雨》《茶馆》经典话剧（距离约6.5公里）,【Event-related】：广交会相关商务旅客全网讨论热度，展会期间周边酒店预订量同比增长超150%，入境游客订单量同比增长41%，跨城商务需求显著提升；各类演唱会、话剧的观众反馈积极，“旅行+演艺”观演游热度领跑全国，带动周边文旅消费；五一期间广州文旅综合消费128亿元，相关讨论量超1000万条；【Non-event】：广州天河、越秀区域网红景点、美食、娱乐的零散社交信号，包括北京路、天河城、珠江夜游的用户分享，酒店住客的入住体验与周边服务评价，本地生活消费的相关讨论。
401917,山水时尚酒店(广州火车东站店),113.324344,23.149276,8.78948404826996,20260514,0,0,0,1. 2026.04.15-05.05 第139届中国进出口商品交易会（广交会，广交会展馆，距离酒店约5.8公里）；2. 2026.04.14-04.17 第六届广州采购交易会（保利世贸博览馆，距离约5.8公里）；3. 2026.04.21-04.27 广州家居用品及礼品展览会（保利世贸博览馆，距离约5.8公里）；4. 2026.05.01-05.03 广州华夏家博会（保利世贸博览馆，距离约5.8公里）；5. 2026.04.24-05.05 沉浸式情景剧《大湾鸡·星际追光》（广州塔剧场，距离约4.7公里）；6. 2026.04.29-05.02 杂技童话剧《萌动奇迹》（广州市文化馆，距离约7.8公里）；7. 2026年4-5月 广州大剧院《江/云?之/间》话剧（距离约3.8公里）；8. 2026年4-5月 中山纪念堂《日出》《雷雨》《茶馆》经典话剧（距离约6.5公里）,【Event-related】：广交会相关商务旅客全网讨论热度，展会期间周边酒店预订量同比增长超150%，入境游客订单量同比增长41%，跨城商务需求显著提升；各类演唱会、话剧的观众反馈积极，“旅行+演艺”观演游热度领跑全国，带动周边文旅消费；五一期间广州文旅综合消费128亿元，相关讨论量超1000万条；【Non-event】：广州天河、越秀区域网红景点、美食、娱乐的零散社交信号，包括北京路、天河城、珠江夜游的用户分享，酒店住客的入住体验与周边服务评价，本地生活消费的相关讨论。
401917,山水时尚酒店(广州火车东站店),113.324344,23.149276,8.78948404826996,20260515,0,0,0,1. 2026.04.15-05.05 第139届中国进出口商品交易会（广交会，广交会展馆，距离酒店约5.8公里）；2. 2026.04.14-04.17 第六届广州采购交易会（保利世贸博览馆，距离约5.8公里）；3. 2026.04.21-04.27 广州家居用品及礼品展览会（保利世贸博览馆，距离约5.8公里）；4. 2026.05.01-05.03 广州华夏家博会（保利世贸博览馆，距离约5.8公里）；5. 2026.04.24-05.05 沉浸式情景剧《大湾鸡·星际追光》（广州塔剧场，距离约4.7公里）；6. 2026.04.29-05.02 杂技童话剧《萌动奇迹》（广州市文化馆，距离约7.8公里）；7. 2026年4-5月 广州大剧院《江/云?之/间》话剧（距离约3.8公里）；8. 2026年4-5月 中山纪念堂《日出》《雷雨》《茶馆》经典话剧（距离约6.5公里）,【Event-related】：广交会相关商务旅客全网讨论热度，展会期间周边酒店预订量同比增长超150%，入境游客订单量同比增长41%，跨城商务需求显著提升；各类演唱会、话剧的观众反馈积极，“旅行+演艺”观演游热度领跑全国，带动周边文旅消费；五一期间广州文旅综合消费128亿元，相关讨论量超1000万条；【Non-event】：广州天河、越秀区域网红景点、美食、娱乐的零散社交信号，包括北京路、天河城、珠江夜游的用户分享，酒店住客的入住体验与周边服务评价，本地生活消费的相关讨论。
401917,山水时尚酒店(广州火车东站店),113.324344,23.149276,8.78948404826996,20260516,0,0,0,1. 2026.04.15-05.05 第139届中国进出口商品交易会（广交会，广交会展馆，距离酒店约5.8公里）；2. 2026.04.14-04.17 第六届广州采购交易会（保利世贸博览馆，距离约5.8公里）；3. 2026.04.21-04.27 广州家居用品及礼品展览会（保利世贸博览馆，距离约5.8公里）；4. 2026.05.01-05.03 广州华夏家博会（保利世贸博览馆，距离约5.8公里）；5. 2026.04.24-05.05 沉浸式情景剧《大湾鸡·星际追光》（广州塔剧场，距离约4.7公里）；6. 2026.04.29-05.02 杂技童话剧《萌动奇迹》（广州市文化馆，距离约7.8公里）；7. 2026年4-5月 广州大剧院《江/云?之/间》话剧（距离约3.8公里）；8. 2026年4-5月 中山纪念堂《日出》《雷雨》《茶馆》经典话剧（距离约6.5公里）,【Event-related】：广交会相关商务旅客全网讨论热度，展会期间周边酒店预订量同比增长超150%，入境游客订单量同比增长41%，跨城商务需求显著提升；各类演唱会、话剧的观众反馈积极，“旅行+演艺”观演游热度领跑全国，带动周边文旅消费；五一期间广州文旅综合消费128亿元，相关讨论量超1000万条；【Non-event】：广州天河、越秀区域网红景点、美食、娱乐的零散社交信号，包括北京路、天河城、珠江夜游的用户分享，酒店住客的入住体验与周边服务评价，本地生活消费的相关讨论。
401917,山水时尚酒店(广州火车东站店),113.324344,23.149276,8.78948404826996,20260517,0,0,0,1. 2026.04.15-05.05 第139届中国进出口商品交易会（广交会，广交会展馆，距离酒店约5.8公里）；2. 2026.04.14-04.17 第六届广州采购交易会（保利世贸博览馆，距离约5.8公里）；3. 2026.04.21-04.27 广州家居用品及礼品展览会（保利世贸博览馆，距离约5.8公里）；4. 2026.05.01-05.03 广州华夏家博会（保利世贸博览馆，距离约5.8公里）；5. 2026.04.24-05.05 沉浸式情景剧《大湾鸡·星际追光》（广州塔剧场，距离约4.7公里）；6. 2026.04.29-05.02 杂技童话剧《萌动奇迹》（广州市文化馆，距离约7.8公里）；7. 2026年4-5月 广州大剧院《江/云?之/间》话剧（距离约3.8公里）；8. 2026年4-5月 中山纪念堂《日出》《雷雨》《茶馆》经典话剧（距离约6.5公里）,【Event-related】：广交会相关商务旅客全网讨论热度，展会期间周边酒店预订量同比增长超150%，入境游客订单量同比增长41%，跨城商务需求显著提升；各类演唱会、话剧的观众反馈积极，“旅行+演艺”观演游热度领跑全国，带动周边文旅消费；五一期间广州文旅综合消费128亿元，相关讨论量超1000万条；【Non-event】：广州天河、越秀区域网红景点、美食、娱乐的零散社交信号，包括北京路、天河城、珠江夜游的用户分享，酒店住客的入住体验与周边服务评价，本地生活消费的相关讨论。
401917,山水时尚酒店(广州火车东站店),113.324344,23.149276,8.78948404826996,20260518,0,0,0,1. 2026.04.15-05.05 第139届中国进出口商品交易会（广交会，广交会展馆，距离酒店约5.8公里）；2. 2026.04.14-04.17 第六届广州采购交易会（保利世贸博览馆，距离约5.8公里）；3. 2026.04.21-04.27 广州家居用品及礼品展览会（保利世贸博览馆，距离约5.8公里）；4. 2026.05.01-05.03 广州华夏家博会（保利世贸博览馆，距离约5.8公里）；5. 2026.04.24-05.05 沉浸式情景剧《大湾鸡·星际追光》（广州塔剧场，距离约4.7公里）；6. 2026.04.29-05.02 杂技童话剧《萌动奇迹》（广州市文化馆，距离约7.8公里）；7. 2026年4-5月 广州大剧院《江/云?之/间》话剧（距离约3.8公里）；8. 2026年4-5月 中山纪念堂《日出》《雷雨》《茶馆》经典话剧（距离约6.5公里）,【Event-related】：广交会相关商务旅客全网讨论热度，展会期间周边酒店预订量同比增长超150%，入境游客订单量同比增长41%，跨城商务需求显著提升；各类演唱会、话剧的观众反馈积极，“旅行+演艺”观演游热度领跑全国，带动周边文旅消费；五一期间广州文旅综合消费128亿元，相关讨论量超1000万条；【Non-event】：广州天河、越秀区域网红景点、美食、娱乐的零散社交信号，包括北京路、天河城、珠江夜游的用户分享，酒店住客的入住体验与周边服务评价，本地生活消费的相关讨论。
401917,山水时尚酒店(广州火车东站店),113.324344,23.149276,8.78948404826996,20260519,0,0,0,1. 2026.04.15-05.05 第139届中国进出口商品交易会（广交会，广交会展馆，距离酒店约5.8公里）；2. 2026.04.14-04.17 第六届广州采购交易会（保利世贸博览馆，距离约5.8公里）；3. 2026.04.21-04.27 广州家居用品及礼品展览会（保利世贸博览馆，距离约5.8公里）；4. 2026.05.01-05.03 广州华夏家博会（保利世贸博览馆，距离约5.8公里）；5. 2026.04.24-05.05 沉浸式情景剧《大湾鸡·星际追光》（广州塔剧场，距离约4.7公里）；6. 2026.04.29-05.02 杂技童话剧《萌动奇迹》（广州市文化馆，距离约7.8公里）；7. 2026年4-5月 广州大剧院《江/云?之/间》话剧（距离约3.8公里）；8. 2026年4-5月 中山纪念堂《日出》《雷雨》《茶馆》经典话剧（距离约6.5公里）,【Event-related】：广交会相关商务旅客全网讨论热度，展会期间周边酒店预订量同比增长超150%，入境游客订单量同比增长41%，跨城商务需求显著提升；各类演唱会、话剧的观众反馈积极，“旅行+演艺”观演游热度领跑全国，带动周边文旅消费；五一期间广州文旅综合消费128亿元，相关讨论量超1000万条；【Non-event】：广州天河、越秀区域网红景点、美食、娱乐的零散社交信号，包括北京路、天河城、珠江夜游的用户分享，酒店住客的入住体验与周边服务评价，本地生活消费的相关讨论。
401917,山水时尚酒店(广州火车东站店),113.324344,23.149276,8.78948404826996,20260520,0,0,0,1. 2026.04.15-05.05 第139届中国进出口商品交易会（广交会，广交会展馆，距离酒店约5.8公里）；2. 2026.04.14-04.17 第六届广州采购交易会（保利世贸博览馆，距离约5.8公里）；3. 2026.04.21-04.27 广州家居用品及礼品展览会（保利世贸博览馆，距离约5.8公里）；4. 2026.05.01-05.03 广州华夏家博会（保利世贸博览馆，距离约5.8公里）；5. 2026.04.24-05.05 沉浸式情景剧《大湾鸡·星际追光》（广州塔剧场，距离约4.7公里）；6. 2026.04.29-05.02 杂技童话剧《萌动奇迹》（广州市文化馆，距离约7.8公里）；7. 2026年4-5月 广州大剧院《江/云?之/间》话剧（距离约3.8公里）；8. 2026年4-5月 中山纪念堂《日出》《雷雨》《茶馆》经典话剧（距离约6.5公里）,【Event-related】：广交会相关商务旅客全网讨论热度，展会期间周边酒店预订量同比增长超150%，入境游客订单量同比增长41%，跨城商务需求显著提升；各类演唱会、话剧的观众反馈积极，“旅行+演艺”观演游热度领跑全国，带动周边文旅消费；五一期间广州文旅综合消费128亿元，相关讨论量超1000万条；【Non-event】：广州天河、越秀区域网红景点、美食、娱乐的零散社交信号，包括北京路、天河城、珠江夜游的用户分享，酒店住客的入住体验与周边服务评价，本地生活消费的相关讨论。
401917,山水时尚酒店(广州火车东站店),113.324344,23.149276,8.78948404826996,20260521,0,0,0,1. 2026.04.15-05.05 第139届中国进出口商品交易会（广交会，广交会展馆，距离酒店约5.8公里）；2. 2026.04.14-04.17 第六届广州采购交易会（保利世贸博览馆，距离约5.8公里）；3. 2026.04.21-04.27 广州家居用品及礼品展览会（保利世贸博览馆，距离约5.8公里）；4. 2026.05.01-05.03 广州华夏家博会（保利世贸博览馆，距离约5.8公里）；5. 2026.04.24-05.05 沉浸式情景剧《大湾鸡·星际追光》（广州塔剧场，距离约4.7公里）；6. 2026.04.29-05.02 杂技童话剧《萌动奇迹》（广州市文化馆，距离约7.8公里）；7. 2026年4-5月 广州大剧院《江/云?之/间》话剧（距离约3.8公里）；8. 2026年4-5月 中山纪念堂《日出》《雷雨》《茶馆》经典话剧（距离约6.5公里）,【Event-related】：广交会相关商务旅客全网讨论热度，展会期间周边酒店预订量同比增长超150%，入境游客订单量同比增长41%，跨城商务需求显著提升；各类演唱会、话剧的观众反馈积极，“旅行+演艺”观演游热度领跑全国，带动周边文旅消费；五一期间广州文旅综合消费128亿元，相关讨论量超1000万条；【Non-event】：广州天河、越秀区域网红景点、美食、娱乐的零散社交信号，包括北京路、天河城、珠江夜游的用户分享，酒店住客的入住体验与周边服务评价，本地生活消费的相关讨论。
401917,山水时尚酒店(广州火车东站店),113.324344,23.149276,8.78948404826996,20260522,0,0,0,1. 2026.04.15-05.05 第139届中国进出口商品交易会（广交会，广交会展馆，距离酒店约5.8公里）；2. 2026.04.14-04.17 第六届广州采购交易会（保利世贸博览馆，距离约5.8公里）；3. 2026.04.21-04.27 广州家居用品及礼品展览会（保利世贸博览馆，距离约5.8公里）；4. 2026.05.01-05.03 广州华夏家博会（保利世贸博览馆，距离约5.8公里）；5. 2026.04.24-05.05 沉浸式情景剧《大湾鸡·星际追光》（广州塔剧场，距离约4.7公里）；6. 2026.04.29-05.02 杂技童话剧《萌动奇迹》（广州市文化馆，距离约7.8公里）；7. 2026年4-5月 广州大剧院《江/云?之/间》话剧（距离约3.8公里）；8. 2026年4-5月 中山纪念堂《日出》《雷雨》《茶馆》经典话剧（距离约6.5公里）,【Event-related】：广交会相关商务旅客全网讨论热度，展会期间周边酒店预订量同比增长超150%，入境游客订单量同比增长41%，跨城商务需求显著提升；各类演唱会、话剧的观众反馈积极，“旅行+演艺”观演游热度领跑全国，带动周边文旅消费；五一期间广州文旅综合消费128亿元，相关讨论量超1000万条；【Non-event】：广州天河、越秀区域网红景点、美食、娱乐的零散社交信号，包括北京路、天河城、珠江夜游的用户分享，酒店住客的入住体验与周边服务评价，本地生活消费的相关讨论。
401917,山水时尚酒店(广州火车东站店),113.324344,23.149276,8.78948404826996,20260523,0,0,0,1. 2026.04.15-05.05 第139届中国进出口商品交易会（广交会，广交会展馆，距离酒店约5.8公里）；2. 2026.04.14-04.17 第六届广州采购交易会（保利世贸博览馆，距离约5.8公里）；3. 2026.04.21-04.27 广州家居用品及礼品展览会（保利世贸博览馆，距离约5.8公里）；4. 2026.05.01-05.03 广州华夏家博会（保利世贸博览馆，距离约5.8公里）；5. 2026.04.24-05.05 沉浸式情景剧《大湾鸡·星际追光》（广州塔剧场，距离约4.7公里）；6. 2026.04.29-05.02 杂技童话剧《萌动奇迹》（广州市文化馆，距离约7.8公里）；7. 2026年4-5月 广州大剧院《江/云?之/间》话剧（距离约3.8公里）；8. 2026年4-5月 中山纪念堂《日出》《雷雨》《茶馆》经典话剧（距离约6.5公里）,【Event-related】：广交会相关商务旅客全网讨论热度，展会期间周边酒店预订量同比增长超150%，入境游客订单量同比增长41%，跨城商务需求显著提升；各类演唱会、话剧的观众反馈积极，“旅行+演艺”观演游热度领跑全国，带动周边文旅消费；五一期间广州文旅综合消费128亿元，相关讨论量超1000万条；【Non-event】：广州天河、越秀区域网红景点、美食、娱乐的零散社交信号，包括北京路、天河城、珠江夜游的用户分享，酒店住客的入住体验与周边服务评价，本地生活消费的相关讨论。
401917,山水时尚酒店(广州火车东站店),113.324344,23.149276,8.78948404826996,20260524,0,0,0,1. 2026.04.15-05.05 第139届中国进出口商品交易会（广交会，广交会展馆，距离酒店约5.8公里）；2. 2026.04.14-04.17 第六届广州采购交易会（保利世贸博览馆，距离约5.8公里）；3. 2026.04.21-04.27 广州家居用品及礼品展览会（保利世贸博览馆，距离约5.8公里）；4. 2026.05.01-05.03 广州华夏家博会（保利世贸博览馆，距离约5.8公里）；5. 2026.04.24-05.05 沉浸式情景剧《大湾鸡·星际追光》（广州塔剧场，距离约4.7公里）；6. 2026.04.29-05.02 杂技童话剧《萌动奇迹》（广州市文化馆，距离约7.8公里）；7. 2026年4-5月 广州大剧院《江/云?之/间》话剧（距离约3.8公里）；8. 2026年4-5月 中山纪念堂《日出》《雷雨》《茶馆》经典话剧（距离约6.5公里）,【Event-related】：广交会相关商务旅客全网讨论热度，展会期间周边酒店预订量同比增长超150%，入境游客订单量同比增长41%，跨城商务需求显著提升；各类演唱会、话剧的观众反馈积极，“旅行+演艺”观演游热度领跑全国，带动周边文旅消费；五一期间广州文旅综合消费128亿元，相关讨论量超1000万条；【Non-event】：广州天河、越秀区域网红景点、美食、娱乐的零散社交信号，包括北京路、天河城、珠江夜游的用户分享，酒店住客的入住体验与周边服务评价，本地生活消费的相关讨论。
401917,山水时尚酒店(广州火车东站店),113.324344,23.149276,8.78948404826996,20260525,2029,0,0,1. 2026.04.15-05.05 第139届中国进出口商品交易会（广交会，广交会展馆，距离酒店约5.8公里）；2. 2026.04.14-04.17 第六届广州采购交易会（保利世贸博览馆，距离约5.8公里）；3. 2026.04.21-04.27 广州家居用品及礼品展览会（保利世贸博览馆，距离约5.8公里）；4. 2026.05.01-05.03 广州华夏家博会（保利世贸博览馆，距离约5.8公里）；5. 2026.04.24-05.05 沉浸式情景剧《大湾鸡·星际追光》（广州塔剧场，距离约4.7公里）；6. 2026.04.29-05.02 杂技童话剧《萌动奇迹》（广州市文化馆，距离约7.8公里）；7. 2026年4-5月 广州大剧院《江/云?之/间》话剧（距离约3.8公里）；8. 2026年4-5月 中山纪念堂《日出》《雷雨》《茶馆》经典话剧（距离约6.5公里）,【Event-related】：广交会相关商务旅客全网讨论热度，展会期间周边酒店预订量同比增长超150%，入境游客订单量同比增长41%，跨城商务需求显著提升；各类演唱会、话剧的观众反馈积极，“旅行+演艺”观演游热度领跑全国，带动周边文旅消费；五一期间广州文旅综合消费128亿元，相关讨论量超1000万条；【Non-event】：广州天河、越秀区域网红景点、美食、娱乐的零散社交信号，包括北京路、天河城、珠江夜游的用户分享，酒店住客的入住体验与周边服务评价，本地生活消费的相关讨论。
401917,山水时尚酒店(广州火车东站店),113.324344,23.149276,8.78948404826996,20260526,2261,0,0,1. 2026.04.15-05.05 第139届中国进出口商品交易会（广交会，广交会展馆，距离酒店约5.8公里）；2. 2026.04.14-04.17 第六届广州采购交易会（保利世贸博览馆，距离约5.8公里）；3. 2026.04.21-04.27 广州家居用品及礼品展览会（保利世贸博览馆，距离约5.8公里）；4. 2026.05.01-05.03 广州华夏家博会（保利世贸博览馆，距离约5.8公里）；5. 2026.04.24-05.05 沉浸式情景剧《大湾鸡·星际追光》（广州塔剧场，距离约4.7公里）；6. 2026.04.29-05.02 杂技童话剧《萌动奇迹》（广州市文化馆，距离约7.8公里）；7. 2026年4-5月 广州大剧院《江/云?之/间》话剧（距离约3.8公里）；8. 2026年4-5月 中山纪念堂《日出》《雷雨》《茶馆》经典话剧（距离约6.5公里）,【Event-related】：广交会相关商务旅客全网讨论热度，展会期间周边酒店预订量同比增长超150%，入境游客订单量同比增长41%，跨城商务需求显著提升；各类演唱会、话剧的观众反馈积极，“旅行+演艺”观演游热度领跑全国，带动周边文旅消费；五一期间广州文旅综合消费128亿元，相关讨论量超1000万条；【Non-event】：广州天河、越秀区域网红景点、美食、娱乐的零散社交信号，包括北京路、天河城、珠江夜游的用户分享，酒店住客的入住体验与周边服务评价，本地生活消费的相关讨论。
401917,山水时尚酒店(广州火车东站店),113.324344,23.149276,8.78948404826996,20260527,2151,0,0,1. 2026.04.15-05.05 第139届中国进出口商品交易会（广交会，广交会展馆，距离酒店约5.8公里）；2. 2026.04.14-04.17 第六届广州采购交易会（保利世贸博览馆，距离约5.8公里）；3. 2026.04.21-04.27 广州家居用品及礼品展览会（保利世贸博览馆，距离约5.8公里）；4. 2026.05.01-05.03 广州华夏家博会（保利世贸博览馆，距离约5.8公里）；5. 2026.04.24-05.05 沉浸式情景剧《大湾鸡·星际追光》（广州塔剧场，距离约4.7公里）；6. 2026.04.29-05.02 杂技童话剧《萌动奇迹》（广州市文化馆，距离约7.8公里）；7. 2026年4-5月 广州大剧院《江/云?之/间》话剧（距离约3.8公里）；8. 2026年4-5月 中山纪念堂《日出》《雷雨》《茶馆》经典话剧（距离约6.5公里）,【Event-related】：广交会相关商务旅客全网讨论热度，展会期间周边酒店预订量同比增长超150%，入境游客订单量同比增长41%，跨城商务需求显著提升；各类演唱会、话剧的观众反馈积极，“旅行+演艺”观演游热度领跑全国，带动周边文旅消费；五一期间广州文旅综合消费128亿元，相关讨论量超1000万条；【Non-event】：广州天河、越秀区域网红景点、美食、娱乐的零散社交信号，包括北京路、天河城、珠江夜游的用户分享，酒店住客的入住体验与周边服务评价，本地生活消费的相关讨论。
401917,山水时尚酒店(广州火车东站店),113.324344,23.149276,8.78948404826996,20260528,2200,0,0,1. 2026.04.15-05.05 第139届中国进出口商品交易会（广交会，广交会展馆，距离酒店约5.8公里）；2. 2026.04.14-04.17 第六届广州采购交易会（保利世贸博览馆，距离约5.8公里）；3. 2026.04.21-04.27 广州家居用品及礼品展览会（保利世贸博览馆，距离约5.8公里）；4. 2026.05.01-05.03 广州华夏家博会（保利世贸博览馆，距离约5.8公里）；5. 2026.04.24-05.05 沉浸式情景剧《大湾鸡·星际追光》（广州塔剧场，距离约4.7公里）；6. 2026.04.29-05.02 杂技童话剧《萌动奇迹》（广州市文化馆，距离约7.8公里）；7. 2026年4-5月 广州大剧院《江/云?之/间》话剧（距离约3.8公里）；8. 2026年4-5月 中山纪念堂《日出》《雷雨》《茶馆》经典话剧（距离约6.5公里）,【Event-related】：广交会相关商务旅客全网讨论热度，展会期间周边酒店预订量同比增长超150%，入境游客订单量同比增长41%，跨城商务需求显著提升；各类演唱会、话剧的观众反馈积极，“旅行+演艺”观演游热度领跑全国，带动周边文旅消费；五一期间广州文旅综合消费128亿元，相关讨论量超1000万条；【Non-event】：广州天河、越秀区域网红景点、美食、娱乐的零散社交信号，包括北京路、天河城、珠江夜游的用户分享，酒店住客的入住体验与周边服务评价，本地生活消费的相关讨论。
401917,山水时尚酒店(广州火车东站店),113.324344,23.149276,8.78948404826996,20260529,1937,0,0,1. 2026.04.15-05.05 第139届中国进出口商品交易会（广交会，广交会展馆，距离酒店约5.8公里）；2. 2026.04.14-04.17 第六届广州采购交易会（保利世贸博览馆，距离约5.8公里）；3. 2026.04.21-04.27 广州家居用品及礼品展览会（保利世贸博览馆，距离约5.8公里）；4. 2026.05.01-05.03 广州华夏家博会（保利世贸博览馆，距离约5.8公里）；5. 2026.04.24-05.05 沉浸式情景剧《大湾鸡·星际追光》（广州塔剧场，距离约4.7公里）；6. 2026.04.29-05.02 杂技童话剧《萌动奇迹》（广州市文化馆，距离约7.8公里）；7. 2026年4-5月 广州大剧院《江/云?之/间》话剧（距离约3.8公里）；8. 2026年4-5月 中山纪念堂《日出》《雷雨》《茶馆》经典话剧（距离约6.5公里）,【Event-related】：广交会相关商务旅客全网讨论热度，展会期间周边酒店预订量同比增长超150%，入境游客订单量同比增长41%，跨城商务需求显著提升；各类演唱会、话剧的观众反馈积极，“旅行+演艺”观演游热度领跑全国，带动周边文旅消费；五一期间广州文旅综合消费128亿元，相关讨论量超1000万条；【Non-event】：广州天河、越秀区域网红景点、美食、娱乐的零散社交信号，包括北京路、天河城、珠江夜游的用户分享，酒店住客的入住体验与周边服务评价，本地生活消费的相关讨论。
401917,山水时尚酒店(广州火车东站店),113.324344,23.149276,8.78948404826996,20260530,1727,0,0,1. 2026.04.15-05.05 第139届中国进出口商品交易会（广交会，广交会展馆，距离酒店约5.8公里）；2. 2026.04.14-04.17 第六届广州采购交易会（保利世贸博览馆，距离约5.8公里）；3. 2026.04.21-04.27 广州家居用品及礼品展览会（保利世贸博览馆，距离约5.8公里）；4. 2026.05.01-05.03 广州华夏家博会（保利世贸博览馆，距离约5.8公里）；5. 2026.04.24-05.05 沉浸式情景剧《大湾鸡·星际追光》（广州塔剧场，距离约4.7公里）；6. 2026.04.29-05.02 杂技童话剧《萌动奇迹》（广州市文化馆，距离约7.8公里）；7. 2026年4-5月 广州大剧院《江/云?之/间》话剧（距离约3.8公里）；8. 2026年4-5月 中山纪念堂《日出》《雷雨》《茶馆》经典话剧（距离约6.5公里）,【Event-related】：广交会相关商务旅客全网讨论热度，展会期间周边酒店预订量同比增长超150%，入境游客订单量同比增长41%，跨城商务需求显著提升；各类演唱会、话剧的观众反馈积极，“旅行+演艺”观演游热度领跑全国，带动周边文旅消费；五一期间广州文旅综合消费128亿元，相关讨论量超1000万条；【Non-event】：广州天河、越秀区域网红景点、美食、娱乐的零散社交信号，包括北京路、天河城、珠江夜游的用户分享，酒店住客的入住体验与周边服务评价，本地生活消费的相关讨论。
401917,山水时尚酒店(广州火车东站店),113.324344,23.149276,8.78948404826996,20260531,1691,0,0,1. 2026.04.15-05.05 第139届中国进出口商品交易会（广交会，广交会展馆，距离酒店约5.8公里）；2. 2026.04.14-04.17 第六届广州采购交易会（保利世贸博览馆，距离约5.8公里）；3. 2026.04.21-04.27 广州家居用品及礼品展览会（保利世贸博览馆，距离约5.8公里）；4. 2026.05.01-05.03 广州华夏家博会（保利世贸博览馆，距离约5.8公里）；5. 2026.04.24-05.05 沉浸式情景剧《大湾鸡·星际追光》（广州塔剧场，距离约4.7公里）；6. 2026.04.29-05.02 杂技童话剧《萌动奇迹》（广州市文化馆，距离约7.8公里）；7. 2026年4-5月 广州大剧院《江/云?之/间》话剧（距离约3.8公里）；8. 2026年4-5月 中山纪念堂《日出》《雷雨》《茶馆》经典话剧（距离约6.5公里）,【Event-related】：广交会相关商务旅客全网讨论热度，展会期间周边酒店预订量同比增长超150%，入境游客订单量同比增长41%，跨城商务需求显著提升；各类演唱会、话剧的观众反馈积极，“旅行+演艺”观演游热度领跑全国，带动周边文旅消费；五一期间广州文旅综合消费128亿元，相关讨论量超1000万条；【Non-event】：广州天河、越秀区域网红景点、美食、娱乐的零散社交信号，包括北京路、天河城、珠江夜游的用户分享，酒店住客的入住体验与周边服务评价，本地生活消费的相关讨论。
401917,山水时尚酒店(广州火车东站店),113.324344,23.149276,8.78948404826996,20260601,2063,0,0,1. 2026.04.15-05.05 第139届中国进出口商品交易会（广交会，广交会展馆，距离酒店约5.8公里）；2. 2026.04.14-04.17 第六届广州采购交易会（保利世贸博览馆，距离约5.8公里）；3. 2026.04.21-04.27 广州家居用品及礼品展览会（保利世贸博览馆，距离约5.8公里）；4. 2026.05.01-05.03 广州华夏家博会（保利世贸博览馆，距离约5.8公里）；5. 2026.04.24-05.05 沉浸式情景剧《大湾鸡·星际追光》（广州塔剧场，距离约4.7公里）；6. 2026.04.29-05.02 杂技童话剧《萌动奇迹》（广州市文化馆，距离约7.8公里）；7. 2026年4-5月 广州大剧院《江/云?之/间》话剧（距离约3.8公里）；8. 2026年4-5月 中山纪念堂《日出》《雷雨》《茶馆》经典话剧（距离约6.5公里）,【Event-related】：广交会相关商务旅客全网讨论热度，展会期间周边酒店预订量同比增长超150%，入境游客订单量同比增长41%，跨城商务需求显著提升；各类演唱会、话剧的观众反馈积极，“旅行+演艺”观演游热度领跑全国，带动周边文旅消费；五一期间广州文旅综合消费128亿元，相关讨论量超1000万条；【Non-event】：广州天河、越秀区域网红景点、美食、娱乐的零散社交信号，包括北京路、天河城、珠江夜游的用户分享，酒店住客的入住体验与周边服务评价，本地生活消费的相关讨论。
401917,山水时尚酒店(广州火车东站店),113.324344,23.149276,8.78948404826996,20260602,2153,0,0,1. 2026.04.15-05.05 第139届中国进出口商品交易会（广交会，广交会展馆，距离酒店约5.8公里）；2. 2026.04.14-04.17 第六届广州采购交易会（保利世贸博览馆，距离约5.8公里）；3. 2026.04.21-04.27 广州家居用品及礼品展览会（保利世贸博览馆，距离约5.8公里）；4. 2026.05.01-05.03 广州华夏家博会（保利世贸博览馆，距离约5.8公里）；5. 2026.04.24-05.05 沉浸式情景剧《大湾鸡·星际追光》（广州塔剧场，距离约4.7公里）；6. 2026.04.29-05.02 杂技童话剧《萌动奇迹》（广州市文化馆，距离约7.8公里）；7. 2026年4-5月 广州大剧院《江/云?之/间》话剧（距离约3.8公里）；8. 2026年4-5月 中山纪念堂《日出》《雷雨》《茶馆》经典话剧（距离约6.5公里）,【Event-related】：广交会相关商务旅客全网讨论热度，展会期间周边酒店预订量同比增长超150%，入境游客订单量同比增长41%，跨城商务需求显著提升；各类演唱会、话剧的观众反馈积极，“旅行+演艺”观演游热度领跑全国，带动周边文旅消费；五一期间广州文旅综合消费128亿元，相关讨论量超1000万条；【Non-event】：广州天河、越秀区域网红景点、美食、娱乐的零散社交信号，包括北京路、天河城、珠江夜游的用户分享，酒店住客的入住体验与周边服务评价，本地生活消费的相关讨论。
401917,山水时尚酒店(广州火车东站店),113.324344,23.149276,8.78948404826996,20260603,2288,0,0,1. 2026.04.15-05.05 第139届中国进出口商品交易会（广交会，广交会展馆，距离酒店约5.8公里）；2. 2026.04.14-04.17 第六届广州采购交易会（保利世贸博览馆，距离约5.8公里）；3. 2026.04.21-04.27 广州家居用品及礼品展览会（保利世贸博览馆，距离约5.8公里）；4. 2026.05.01-05.03 广州华夏家博会（保利世贸博览馆，距离约5.8公里）；5. 2026.04.24-05.05 沉浸式情景剧《大湾鸡·星际追光》（广州塔剧场，距离约4.7公里）；6. 2026.04.29-05.02 杂技童话剧《萌动奇迹》（广州市文化馆，距离约7.8公里）；7. 2026年4-5月 广州大剧院《江/云?之/间》话剧（距离约3.8公里）；8. 2026年4-5月 中山纪念堂《日出》《雷雨》《茶馆》经典话剧（距离约6.5公里）,【Event-related】：广交会相关商务旅客全网讨论热度，展会期间周边酒店预订量同比增长超150%，入境游客订单量同比增长41%，跨城商务需求显著提升；各类演唱会、话剧的观众反馈积极，“旅行+演艺”观演游热度领跑全国，带动周边文旅消费；五一期间广州文旅综合消费128亿元，相关讨论量超1000万条；【Non-event】：广州天河、越秀区域网红景点、美食、娱乐的零散社交信号，包括北京路、天河城、珠江夜游的用户分享，酒店住客的入住体验与周边服务评价，本地生活消费的相关讨论。
401917,山水时尚酒店(广州火车东站店),113.324344,23.149276,8.78948404826996,20260604,2436,0,0,1. 2026.04.15-05.05 第139届中国进出口商品交易会（广交会，广交会展馆，距离酒店约5.8公里）；2. 2026.04.14-04.17 第六届广州采购交易会（保利世贸博览馆，距离约5.8公里）；3. 2026.04.21-04.27 广州家居用品及礼品展览会（保利世贸博览馆，距离约5.8公里）；4. 2026.05.01-05.03 广州华夏家博会（保利世贸博览馆，距离约5.8公里）；5. 2026.04.24-05.05 沉浸式情景剧《大湾鸡·星际追光》（广州塔剧场，距离约4.7公里）；6. 2026.04.29-05.02 杂技童话剧《萌动奇迹》（广州市文化馆，距离约7.8公里）；7. 2026年4-5月 广州大剧院《江/云?之/间》话剧（距离约3.8公里）；8. 2026年4-5月 中山纪念堂《日出》《雷雨》《茶馆》经典话剧（距离约6.5公里）,【Event-related】：广交会相关商务旅客全网讨论热度，展会期间周边酒店预订量同比增长超150%，入境游客订单量同比增长41%，跨城商务需求显著提升；各类演唱会、话剧的观众反馈积极，“旅行+演艺”观演游热度领跑全国，带动周边文旅消费；五一期间广州文旅综合消费128亿元，相关讨论量超1000万条；【Non-event】：广州天河、越秀区域网红景点、美食、娱乐的零散社交信号，包括北京路、天河城、珠江夜游的用户分享，酒店住客的入住体验与周边服务评价，本地生活消费的相关讨论。
401917,山水时尚酒店(广州火车东站店),113.324344,23.149276,8.78948404826996,20260605,2317,0,0,1. 2026.04.15-05.05 第139届中国进出口商品交易会（广交会，广交会展馆，距离酒店约5.8公里）；2. 2026.04.14-04.17 第六届广州采购交易会（保利世贸博览馆，距离约5.8公里）；3. 2026.04.21-04.27 广州家居用品及礼品展览会（保利世贸博览馆，距离约5.8公里）；4. 2026.05.01-05.03 广州华夏家博会（保利世贸博览馆，距离约5.8公里）；5. 2026.04.24-05.05 沉浸式情景剧《大湾鸡·星际追光》（广州塔剧场，距离约4.7公里）；6. 2026.04.29-05.02 杂技童话剧《萌动奇迹》（广州市文化馆，距离约7.8公里）；7. 2026年4-5月 广州大剧院《江/云?之/间》话剧（距离约3.8公里）；8. 2026年4-5月 中山纪念堂《日出》《雷雨》《茶馆》经典话剧（距离约6.5公里）,【Event-related】：广交会相关商务旅客全网讨论热度，展会期间周边酒店预订量同比增长超150%，入境游客订单量同比增长41%，跨城商务需求显著提升；各类演唱会、话剧的观众反馈积极，“旅行+演艺”观演游热度领跑全国，带动周边文旅消费；五一期间广州文旅综合消费128亿元，相关讨论量超1000万条；【Non-event】：广州天河、越秀区域网红景点、美食、娱乐的零散社交信号，包括北京路、天河城、珠江夜游的用户分享，酒店住客的入住体验与周边服务评价，本地生活消费的相关讨论。
401917,山水时尚酒店(广州火车东站店),113.324344,23.149276,8.78948404826996,20260606,2486,0,0,1. 2026.04.15-05.05 第139届中国进出口商品交易会（广交会，广交会展馆，距离酒店约5.8公里）；2. 2026.04.14-04.17 第六届广州采购交易会（保利世贸博览馆，距离约5.8公里）；3. 2026.04.21-04.27 广州家居用品及礼品展览会（保利世贸博览馆，距离约5.8公里）；4. 2026.05.01-05.03 广州华夏家博会（保利世贸博览馆，距离约5.8公里）；5. 2026.04.24-05.05 沉浸式情景剧《大湾鸡·星际追光》（广州塔剧场，距离约4.7公里）；6. 2026.04.29-05.02 杂技童话剧《萌动奇迹》（广州市文化馆，距离约7.8公里）；7. 2026年4-5月 广州大剧院《江/云?之/间》话剧（距离约3.8公里）；8. 2026年4-5月 中山纪念堂《日出》《雷雨》《茶馆》经典话剧（距离约6.5公里）,【Event-related】：广交会相关商务旅客全网讨论热度，展会期间周边酒店预订量同比增长超150%，入境游客订单量同比增长41%，跨城商务需求显著提升；各类演唱会、话剧的观众反馈积极，“旅行+演艺”观演游热度领跑全国，带动周边文旅消费；五一期间广州文旅综合消费128亿元，相关讨论量超1000万条；【Non-event】：广州天河、越秀区域网红景点、美食、娱乐的零散社交信号，包括北京路、天河城、珠江夜游的用户分享，酒店住客的入住体验与周边服务评价，本地生活消费的相关讨论。
401917,山水时尚酒店(广州火车东站店),113.324344,23.149276,8.78948404826996,20260607,1904,0,0,1. 2026.04.15-05.05 第139届中国进出口商品交易会（广交会，广交会展馆，距离酒店约5.8公里）；2. 2026.04.14-04.17 第六届广州采购交易会（保利世贸博览馆，距离约5.8公里）；3. 2026.04.21-04.27 广州家居用品及礼品展览会（保利世贸博览馆，距离约5.8公里）；4. 2026.05.01-05.03 广州华夏家博会（保利世贸博览馆，距离约5.8公里）；5. 2026.04.24-05.05 沉浸式情景剧《大湾鸡·星际追光》（广州塔剧场，距离约4.7公里）；6. 2026.04.29-05.02 杂技童话剧《萌动奇迹》（广州市文化馆，距离约7.8公里）；7. 2026年4-5月 广州大剧院《江/云?之/间》话剧（距离约3.8公里）；8. 2026年4-5月 中山纪念堂《日出》《雷雨》《茶馆》经典话剧（距离约6.5公里）,【Event-related】：广交会相关商务旅客全网讨论热度，展会期间周边酒店预订量同比增长超150%，入境游客订单量同比增长41%，跨城商务需求显著提升；各类演唱会、话剧的观众反馈积极，“旅行+演艺”观演游热度领跑全国，带动周边文旅消费；五一期间广州文旅综合消费128亿元，相关讨论量超1000万条；【Non-event】：广州天河、越秀区域网红景点、美食、娱乐的零散社交信号，包括北京路、天河城、珠江夜游的用户分享，酒店住客的入住体验与周边服务评价，本地生活消费的相关讨论。
401917,山水时尚酒店(广州火车东站店),113.324344,23.149276,8.78948404826996,20260608,2583,0,0,1. 2026.04.15-05.05 第139届中国进出口商品交易会（广交会，广交会展馆，距离酒店约5.8公里）；2. 2026.04.14-04.17 第六届广州采购交易会（保利世贸博览馆，距离约5.8公里）；3. 2026.04.21-04.27 广州家居用品及礼品展览会（保利世贸博览馆，距离约5.8公里）；4. 2026.05.01-05.03 广州华夏家博会（保利世贸博览馆，距离约5.8公里）；5. 2026.04.24-05.05 沉浸式情景剧《大湾鸡·星际追光》（广州塔剧场，距离约4.7公里）；6. 2026.04.29-05.02 杂技童话剧《萌动奇迹》（广州市文化馆，距离约7.8公里）；7. 2026年4-5月 广州大剧院《江/云?之/间》话剧（距离约3.8公里）；8. 2026年4-5月 中山纪念堂《日出》《雷雨》《茶馆》经典话剧（距离约6.5公里）,【Event-related】：广交会相关商务旅客全网讨论热度，展会期间周边酒店预订量同比增长超150%，入境游客订单量同比增长41%，跨城商务需求显著提升；各类演唱会、话剧的观众反馈积极，“旅行+演艺”观演游热度领跑全国，带动周边文旅消费；五一期间广州文旅综合消费128亿元，相关讨论量超1000万条；【Non-event】：广州天河、越秀区域网红景点、美食、娱乐的零散社交信号，包括北京路、天河城、珠江夜游的用户分享，酒店住客的入住体验与周边服务评价，本地生活消费的相关讨论。
401917,山水时尚酒店(广州火车东站店),113.324344,23.149276,8.78948404826996,20260609,2778,0,0,1. 2026.04.15-05.05 第139届中国进出口商品交易会（广交会，广交会展馆，距离酒店约5.8公里）；2. 2026.04.14-04.17 第六届广州采购交易会（保利世贸博览馆，距离约5.8公里）；3. 2026.04.21-04.27 广州家居用品及礼品展览会（保利世贸博览馆，距离约5.8公里）；4. 2026.05.01-05.03 广州华夏家博会（保利世贸博览馆，距离约5.8公里）；5. 2026.04.24-05.05 沉浸式情景剧《大湾鸡·星际追光》（广州塔剧场，距离约4.7公里）；6. 2026.04.29-05.02 杂技童话剧《萌动奇迹》（广州市文化馆，距离约7.8公里）；7. 2026年4-5月 广州大剧院《江/云?之/间》话剧（距离约3.8公里）；8. 2026年4-5月 中山纪念堂《日出》《雷雨》《茶馆》经典话剧（距离约6.5公里）,【Event-related】：广交会相关商务旅客全网讨论热度，展会期间周边酒店预订量同比增长超150%，入境游客订单量同比增长41%，跨城商务需求显著提升；各类演唱会、话剧的观众反馈积极，“旅行+演艺”观演游热度领跑全国，带动周边文旅消费；五一期间广州文旅综合消费128亿元，相关讨论量超1000万条；【Non-event】：广州天河、越秀区域网红景点、美食、娱乐的零散社交信号，包括北京路、天河城、珠江夜游的用户分享，酒店住客的入住体验与周边服务评价，本地生活消费的相关讨论。
401917,山水时尚酒店(广州火车东站店),113.324344,23.149276,8.78948404826996,20260610,3123,0,0,1. 2026.04.15-05.05 第139届中国进出口商品交易会（广交会，广交会展馆，距离酒店约5.8公里）；2. 2026.04.14-04.17 第六届广州采购交易会（保利世贸博览馆，距离约5.8公里）；3. 2026.04.21-04.27 广州家居用品及礼品展览会（保利世贸博览馆，距离约5.8公里）；4. 2026.05.01-05.03 广州华夏家博会（保利世贸博览馆，距离约5.8公里）；5. 2026.04.24-05.05 沉浸式情景剧《大湾鸡·星际追光》（广州塔剧场，距离约4.7公里）；6. 2026.04.29-05.02 杂技童话剧《萌动奇迹》（广州市文化馆，距离约7.8公里）；7. 2026年4-5月 广州大剧院《江/云?之/间》话剧（距离约3.8公里）；8. 2026年4-5月 中山纪念堂《日出》《雷雨》《茶馆》经典话剧（距离约6.5公里）,【Event-related】：广交会相关商务旅客全网讨论热度，展会期间周边酒店预订量同比增长超150%，入境游客订单量同比增长41%，跨城商务需求显著提升；各类演唱会、话剧的观众反馈积极，“旅行+演艺”观演游热度领跑全国，带动周边文旅消费；五一期间广州文旅综合消费128亿元，相关讨论量超1000万条；【Non-event】：广州天河、越秀区域网红景点、美食、娱乐的零散社交信号，包括北京路、天河城、珠江夜游的用户分享，酒店住客的入住体验与周边服务评价，本地生活消费的相关讨论。
401917,山水时尚酒店(广州火车东站店),113.324344,23.149276,8.78948404826996,20260611,2723,0,0,1. 2026.04.15-05.05 第139届中国进出口商品交易会（广交会，广交会展馆，距离酒店约5.8公里）；2. 2026.04.14-04.17 第六届广州采购交易会（保利世贸博览馆，距离约5.8公里）；3. 2026.04.21-04.27 广州家居用品及礼品展览会（保利世贸博览馆，距离约5.8公里）；4. 2026.05.01-05.03 广州华夏家博会（保利世贸博览馆，距离约5.8公里）；5. 2026.04.24-05.05 沉浸式情景剧《大湾鸡·星际追光》（广州塔剧场，距离约4.7公里）；6. 2026.04.29-05.02 杂技童话剧《萌动奇迹》（广州市文化馆，距离约7.8公里）；7. 2026年4-5月 广州大剧院《江/云?之/间》话剧（距离约3.8公里）；8. 2026年4-5月 中山纪念堂《日出》《雷雨》《茶馆》经典话剧（距离约6.5公里）,【Event-related】：广交会相关商务旅客全网讨论热度，展会期间周边酒店预订量同比增长超150%，入境游客订单量同比增长41%，跨城商务需求显著提升；各类演唱会、话剧的观众反馈积极，“旅行+演艺”观演游热度领跑全国，带动周边文旅消费；五一期间广州文旅综合消费128亿元，相关讨论量超1000万条；【Non-event】：广州天河、越秀区域网红景点、美食、娱乐的零散社交信号，包括北京路、天河城、珠江夜游的用户分享，酒店住客的入住体验与周边服务评价，本地生活消费的相关讨论。
401917,山水时尚酒店(广州火车东站店),113.324344,23.149276,8.78948404826996,20260612,2858,0,0,1. 2026.04.15-05.05 第139届中国进出口商品交易会（广交会，广交会展馆，距离酒店约5.8公里）；2. 2026.04.14-04.17 第六届广州采购交易会（保利世贸博览馆，距离约5.8公里）；3. 2026.04.21-04.27 广州家居用品及礼品展览会（保利世贸博览馆，距离约5.8公里）；4. 2026.05.01-05.03 广州华夏家博会（保利世贸博览馆，距离约5.8公里）；5. 2026.04.24-05.05 沉浸式情景剧《大湾鸡·星际追光》（广州塔剧场，距离约4.7公里）；6. 2026.04.29-05.02 杂技童话剧《萌动奇迹》（广州市文化馆，距离约7.8公里）；7. 2026年4-5月 广州大剧院《江/云?之/间》话剧（距离约3.8公里）；8. 2026年4-5月 中山纪念堂《日出》《雷雨》《茶馆》经典话剧（距离约6.5公里）,【Event-related】：广交会相关商务旅客全网讨论热度，展会期间周边酒店预订量同比增长超150%，入境游客订单量同比增长41%，跨城商务需求显著提升；各类演唱会、话剧的观众反馈积极，“旅行+演艺”观演游热度领跑全国，带动周边文旅消费；五一期间广州文旅综合消费128亿元，相关讨论量超1000万条；【Non-event】：广州天河、越秀区域网红景点、美食、娱乐的零散社交信号，包括北京路、天河城、珠江夜游的用户分享，酒店住客的入住体验与周边服务评价，本地生活消费的相关讨论。
401917,山水时尚酒店(广州火车东站店),113.324344,23.149276,8.78948404826996,20260613,3037,0,0,1. 2026.04.15-05.05 第139届中国进出口商品交易会（广交会，广交会展馆，距离酒店约5.8公里）；2. 2026.04.14-04.17 第六届广州采购交易会（保利世贸博览馆，距离约5.8公里）；3. 2026.04.21-04.27 广州家居用品及礼品展览会（保利世贸博览馆，距离约5.8公里）；4. 2026.05.01-05.03 广州华夏家博会（保利世贸博览馆，距离约5.8公里）；5. 2026.04.24-05.05 沉浸式情景剧《大湾鸡·星际追光》（广州塔剧场，距离约4.7公里）；6. 2026.04.29-05.02 杂技童话剧《萌动奇迹》（广州市文化馆，距离约7.8公里）；7. 2026年4-5月 广州大剧院《江/云?之/间》话剧（距离约3.8公里）；8. 2026年4-5月 中山纪念堂《日出》《雷雨》《茶馆》经典话剧（距离约6.5公里）,【Event-related】：广交会相关商务旅客全网讨论热度，展会期间周边酒店预订量同比增长超150%，入境游客订单量同比增长41%，跨城商务需求显著提升；各类演唱会、话剧的观众反馈积极，“旅行+演艺”观演游热度领跑全国，带动周边文旅消费；五一期间广州文旅综合消费128亿元，相关讨论量超1000万条；【Non-event】：广州天河、越秀区域网红景点、美食、娱乐的零散社交信号，包括北京路、天河城、珠江夜游的用户分享，酒店住客的入住体验与周边服务评价，本地生活消费的相关讨论。
401917,山水时尚酒店(广州火车东站店),113.324344,23.149276,8.78948404826996,20260614,2033,3,1,1. 2026.04.15-05.05 第139届中国进出口商品交易会（广交会，广交会展馆，距离酒店约5.8公里）；2. 2026.04.14-04.17 第六届广州采购交易会（保利世贸博览馆，距离约5.8公里）；3. 2026.04.21-04.27 广州家居用品及礼品展览会（保利世贸博览馆，距离约5.8公里）；4. 2026.05.01-05.03 广州华夏家博会（保利世贸博览馆，距离约5.8公里）；5. 2026.04.24-05.05 沉浸式情景剧《大湾鸡·星际追光》（广州塔剧场，距离约4.7公里）；6. 2026.04.29-05.02 杂技童话剧《萌动奇迹》（广州市文化馆，距离约7.8公里）；7. 2026年4-5月 广州大剧院《江/云?之/间》话剧（距离约3.8公里）；8. 2026年4-5月 中山纪念堂《日出》《雷雨》《茶馆》经典话剧（距离约6.5公里）,【Event-related】：广交会相关商务旅客全网讨论热度，展会期间周边酒店预订量同比增长超150%，入境游客订单量同比增长41%，跨城商务需求显著提升；各类演唱会、话剧的观众反馈积极，“旅行+演艺”观演游热度领跑全国，带动周边文旅消费；五一期间广州文旅综合消费128亿元，相关讨论量超1000万条；【Non-event】：广州天河、越秀区域网红景点、美食、娱乐的零散社交信号，包括北京路、天河城、珠江夜游的用户分享，酒店住客的入住体验与周边服务评价，本地生活消费的相关讨论。
401917,山水时尚酒店(广州火车东站店),113.324344,23.149276,8.78948404826996,20260615,2206,0,0,1. 2026.04.15-05.05 第139届中国进出口商品交易会（广交会，广交会展馆，距离酒店约5.8公里）；2. 2026.04.14-04.17 第六届广州采购交易会（保利世贸博览馆，距离约5.8公里）；3. 2026.04.21-04.27 广州家居用品及礼品展览会（保利世贸博览馆，距离约5.8公里）；4. 2026.05.01-05.03 广州华夏家博会（保利世贸博览馆，距离约5.8公里）；5. 2026.04.24-05.05 沉浸式情景剧《大湾鸡·星际追光》（广州塔剧场，距离约4.7公里）；6. 2026.04.29-05.02 杂技童话剧《萌动奇迹》（广州市文化馆，距离约7.8公里）；7. 2026年4-5月 广州大剧院《江/云?之/间》话剧（距离约3.8公里）；8. 2026年4-5月 中山纪念堂《日出》《雷雨》《茶馆》经典话剧（距离约6.5公里）,【Event-related】：广交会相关商务旅客全网讨论热度，展会期间周边酒店预订量同比增长超150%，入境游客订单量同比增长41%，跨城商务需求显著提升；各类演唱会、话剧的观众反馈积极，“旅行+演艺”观演游热度领跑全国，带动周边文旅消费；五一期间广州文旅综合消费128亿元，相关讨论量超1000万条；【Non-event】：广州天河、越秀区域网红景点、美食、娱乐的零散社交信号，包括北京路、天河城、珠江夜游的用户分享，酒店住客的入住体验与周边服务评价，本地生活消费的相关讨论。
401917,山水时尚酒店(广州火车东站店),113.324344,23.149276,8.78948404826996,20260616,2757,1,0,1. 2026.04.15-05.05 第139届中国进出口商品交易会（广交会，广交会展馆，距离酒店约5.8公里）；2. 2026.04.14-04.17 第六届广州采购交易会（保利世贸博览馆，距离约5.8公里）；3. 2026.04.21-04.27 广州家居用品及礼品展览会（保利世贸博览馆，距离约5.8公里）；4. 2026.05.01-05.03 广州华夏家博会（保利世贸博览馆，距离约5.8公里）；5. 2026.04.24-05.05 沉浸式情景剧《大湾鸡·星际追光》（广州塔剧场，距离约4.7公里）；6. 2026.04.29-05.02 杂技童话剧《萌动奇迹》（广州市文化馆，距离约7.8公里）；7. 2026年4-5月 广州大剧院《江/云?之/间》话剧（距离约3.8公里）；8. 2026年4-5月 中山纪念堂《日出》《雷雨》《茶馆》经典话剧（距离约6.5公里）,【Event-related】：广交会相关商务旅客全网讨论热度，展会期间周边酒店预订量同比增长超150%，入境游客订单量同比增长41%，跨城商务需求显著提升；各类演唱会、话剧的观众反馈积极，“旅行+演艺”观演游热度领跑全国，带动周边文旅消费；五一期间广州文旅综合消费128亿元，相关讨论量超1000万条；【Non-event】：广州天河、越秀区域网红景点、美食、娱乐的零散社交信号，包括北京路、天河城、珠江夜游的用户分享，酒店住客的入住体验与周边服务评价，本地生活消费的相关讨论。
401917,山水时尚酒店(广州火车东站店),113.324344,23.149276,8.78948404826996,20260617,3473,0,0,1. 2026.04.15-05.05 第139届中国进出口商品交易会（广交会，广交会展馆，距离酒店约5.8公里）；2. 2026.04.14-04.17 第六届广州采购交易会（保利世贸博览馆，距离约5.8公里）；3. 2026.04.21-04.27 广州家居用品及礼品展览会（保利世贸博览馆，距离约5.8公里）；4. 2026.05.01-05.03 广州华夏家博会（保利世贸博览馆，距离约5.8公里）；5. 2026.04.24-05.05 沉浸式情景剧《大湾鸡·星际追光》（广州塔剧场，距离约4.7公里）；6. 2026.04.29-05.02 杂技童话剧《萌动奇迹》（广州市文化馆，距离约7.8公里）；7. 2026年4-5月 广州大剧院《江/云?之/间》话剧（距离约3.8公里）；8. 2026年4-5月 中山纪念堂《日出》《雷雨》《茶馆》经典话剧（距离约6.5公里）,【Event-related】：广交会相关商务旅客全网讨论热度，展会期间周边酒店预订量同比增长超150%，入境游客订单量同比增长41%，跨城商务需求显著提升；各类演唱会、话剧的观众反馈积极，“旅行+演艺”观演游热度领跑全国，带动周边文旅消费；五一期间广州文旅综合消费128亿元，相关讨论量超1000万条；【Non-event】：广州天河、越秀区域网红景点、美食、娱乐的零散社交信号，包括北京路、天河城、珠江夜游的用户分享，酒店住客的入住体验与周边服务评价，本地生活消费的相关讨论。
401917,山水时尚酒店(广州火车东站店),113.324344,23.149276,8.78948404826996,20260618,4229,1,0,1. 2026.04.15-05.05 第139届中国进出口商品交易会（广交会，广交会展馆，距离酒店约5.8公里）；2. 2026.04.14-04.17 第六届广州采购交易会（保利世贸博览馆，距离约5.8公里）；3. 2026.04.21-04.27 广州家居用品及礼品展览会（保利世贸博览馆，距离约5.8公里）；4. 2026.05.01-05.03 广州华夏家博会（保利世贸博览馆，距离约5.8公里）；5. 2026.04.24-05.05 沉浸式情景剧《大湾鸡·星际追光》（广州塔剧场，距离约4.7公里）；6. 2026.04.29-05.02 杂技童话剧《萌动奇迹》（广州市文化馆，距离约7.8公里）；7. 2026年4-5月 广州大剧院《江/云?之/间》话剧（距离约3.8公里）；8. 2026年4-5月 中山纪念堂《日出》《雷雨》《茶馆》经典话剧（距离约6.5公里）,【Event-related】：广交会相关商务旅客全网讨论热度，展会期间周边酒店预订量同比增长超150%，入境游客订单量同比增长41%，跨城商务需求显著提升；各类演唱会、话剧的观众反馈积极，“旅行+演艺”观演游热度领跑全国，带动周边文旅消费；五一期间广州文旅综合消费128亿元，相关讨论量超1000万条；【Non-event】：广州天河、越秀区域网红景点、美食、娱乐的零散社交信号，包括北京路、天河城、珠江夜游的用户分享，酒店住客的入住体验与周边服务评价，本地生活消费的相关讨论。
401917,山水时尚酒店(广州火车东站店),113.324344,23.149276,8.78948404826996,20260619,4210,0,0,1. 2026.04.15-05.05 第139届中国进出口商品交易会（广交会，广交会展馆，距离酒店约5.8公里）；2. 2026.04.14-04.17 第六届广州采购交易会（保利世贸博览馆，距离约5.8公里）；3. 2026.04.21-04.27 广州家居用品及礼品展览会（保利世贸博览馆，距离约5.8公里）；4. 2026.05.01-05.03 广州华夏家博会（保利世贸博览馆，距离约5.8公里）；5. 2026.04.24-05.05 沉浸式情景剧《大湾鸡·星际追光》（广州塔剧场，距离约4.7公里）；6. 2026.04.29-05.02 杂技童话剧《萌动奇迹》（广州市文化馆，距离约7.8公里）；7. 2026年4-5月 广州大剧院《江/云?之/间》话剧（距离约3.8公里）；8. 2026年4-5月 中山纪念堂《日出》《雷雨》《茶馆》经典话剧（距离约6.5公里）,【Event-related】：广交会相关商务旅客全网讨论热度，展会期间周边酒店预订量同比增长超150%，入境游客订单量同比增长41%，跨城商务需求显著提升；各类演唱会、话剧的观众反馈积极，“旅行+演艺”观演游热度领跑全国，带动周边文旅消费；五一期间广州文旅综合消费128亿元，相关讨论量超1000万条；【Non-event】：广州天河、越秀区域网红景点、美食、娱乐的零散社交信号，包括北京路、天河城、珠江夜游的用户分享，酒店住客的入住体验与周边服务评价，本地生活消费的相关讨论。
401917,山水时尚酒店(广州火车东站店),113.324344,23.149276,8.78948404826996,20260620,4183,0,0,1. 2026.04.15-05.05 第139届中国进出口商品交易会（广交会，广交会展馆，距离酒店约5.8公里）；2. 2026.04.14-04.17 第六届广州采购交易会（保利世贸博览馆，距离约5.8公里）；3. 2026.04.21-04.27 广州家居用品及礼品展览会（保利世贸博览馆，距离约5.8公里）；4. 2026.05.01-05.03 广州华夏家博会（保利世贸博览馆，距离约5.8公里）；5. 2026.04.24-05.05 沉浸式情景剧《大湾鸡·星际追光》（广州塔剧场，距离约4.7公里）；6. 2026.04.29-05.02 杂技童话剧《萌动奇迹》（广州市文化馆，距离约7.8公里）；7. 2026年4-5月 广州大剧院《江/云?之/间》话剧（距离约3.8公里）；8. 2026年4-5月 中山纪念堂《日出》《雷雨》《茶馆》经典话剧（距离约6.5公里）,【Event-related】：广交会相关商务旅客全网讨论热度，展会期间周边酒店预订量同比增长超150%，入境游客订单量同比增长41%，跨城商务需求显著提升；各类演唱会、话剧的观众反馈积极，“旅行+演艺”观演游热度领跑全国，带动周边文旅消费；五一期间广州文旅综合消费128亿元，相关讨论量超1000万条；【Non-event】：广州天河、越秀区域网红景点、美食、娱乐的零散社交信号，包括北京路、天河城、珠江夜游的用户分享，酒店住客的入住体验与周边服务评价，本地生活消费的相关讨论。
401917,山水时尚酒店(广州火车东站店),113.324344,23.149276,8.78948404826996,20260621,4512,0,0,1. 2026.04.15-05.05 第139届中国进出口商品交易会（广交会，广交会展馆，距离酒店约5.8公里）；2. 2026.04.14-04.17 第六届广州采购交易会（保利世贸博览馆，距离约5.8公里）；3. 2026.04.21-04.27 广州家居用品及礼品展览会（保利世贸博览馆，距离约5.8公里）；4. 2026.05.01-05.03 广州华夏家博会（保利世贸博览馆，距离约5.8公里）；5. 2026.04.24-05.05 沉浸式情景剧《大湾鸡·星际追光》（广州塔剧场，距离约4.7公里）；6. 2026.04.29-05.02 杂技童话剧《萌动奇迹》（广州市文化馆，距离约7.8公里）；7. 2026年4-5月 广州大剧院《江/云?之/间》话剧（距离约3.8公里）；8. 2026年4-5月 中山纪念堂《日出》《雷雨》《茶馆》经典话剧（距离约6.5公里）,【Event-related】：广交会相关商务旅客全网讨论热度，展会期间周边酒店预订量同比增长超150%，入境游客订单量同比增长41%，跨城商务需求显著提升；各类演唱会、话剧的观众反馈积极，“旅行+演艺”观演游热度领跑全国，带动周边文旅消费；五一期间广州文旅综合消费128亿元，相关讨论量超1000万条；【Non-event】：广州天河、越秀区域网红景点、美食、娱乐的零散社交信号，包括北京路、天河城、珠江夜游的用户分享，酒店住客的入住体验与周边服务评价，本地生活消费的相关讨论。
